Chinese,English,OR_score,SC_score,EV_score,SNP_info,num_SNP_in_GWAS,num_SNP_matched
腹主动脉瘤,Abdominal aortic aneurysm,0.0,0.0,,"{'rs10757274': [['A', 0.2151113796169455]], 'rs1385526': [['C', 0.09531017980432493]], 'rs602633': [['T', 0.131028262406404]], 'rs6511720': [['T', 0.2151113796169455]]}",15,4
急性肾损伤,Acute kidney injury in critical illness,,,,No risk SNPs in Database,0,0
急性荨麻疹,Acute urticaria,,,,No risk SNPs in Database,0,0
成瘾性,Addiction,,,,No SNPs matched,1,0
老年黄斑变性,Age-related macular degeneration,0.534960430051285,0.5588235294117647,,"{'rs10033900': [['T', 0.16551443847757333]], 'rs10490924': [['A', 0.8241754429663494], ['T', 1.051695368880358]], 'rs1061147': [['A', 0.3364722366212129]], 'rs10737680': [['A', 1.0188473201992472]], 'rs10801555': [['A', 0.8458682675776092]], 'rs12153855': [['C', 0.36464311358790924]], 'rs1355023': [['T', 0.12221763272424911]], 'rs1864163': [['G', 0.19885085874516517]], 'rs2071277': [['C', 0.26236426446749106]], 'rs2075650': [['A', 0.23901690047049992]], 'rs2285714': [['T', 0.2700271372130602]], 'rs3764261': [['A', 0.13976194237515863]], 'rs3793917': [['G', 1.2237754316221157]], 'rs429608': [['G', 0.6678293725756556]], 'rs4420638': [['A', 0.26236426446749106]], 'rs541862': [['T', 0.636576829071551]], 'rs9621532': [['A', 0.412109650826833]]}",65,17
酒精依赖,Alcohol dependence,0.12221523818413907,0.21428571428571427,,"{'rs1000579': [['G', 0.27383666562972786]], 'rs12388359': [['T', 0.4762341789963717]], 'rs12632235': [['T', 0.7765287694989963]], 'rs1789891': [['A', 0.3845818971917403]], 'rs2400954': [['C', 0.2107211113156495]], 'rs36563': [['A', 0.28517894223366247]], 'rs6902771': [['C', 0.2151113796169455]]}",46,7
酗酒,alcoholism,,0.3333333333333333,,{},13,3
过敏性皮炎,Allergic dermatitis,,,,No risk SNPs in Database,0,0
过敏性鼻炎,Allergic rhinitis,0.6089161804377341,0.75,,"{'rs11236797': [['A', 0.1319050708799386]], 'rs11671925': [['G', 0.05129369438747054]], 'rs2030519': [['G', 0.058268908123975824]], 'rs34004019': [['A', 0.11653336625585019]], 'rs34290285': [['G', 0.1329597292561513]], 'rs6898653': [['G', 0.20701416938432612]]}",75,6
阿尔兹海默病,Alzheimer disease ,,,,No risk SNPs in Database,0,0
肌萎缩性脊髓侧索硬化症,Amyotrophic lateral sclerosis,0.26151787656613973,0.3,,"{'rs10260404': [['C', 0.28893129185221283]], 'rs12608932': [['C', 0.2429461786103894]], 'rs13015447': [['G', 0.34358970439007686]], 'rs2185341': [['T', 0.8804562788649389]], 'rs4917300': [['T', 0.23901690047049992]], 'rs697739': [['A', 0.712949807856125]], 'rs7477': [['A', 0.14842000511827322], ['T', 0.26236426446749106]], 'rs8066857': [['C', 0.3920420877760237]], 'rs8141797': [['G', 0.41871033485818504]]}",40,9
强直性脊柱炎,Ankylosing spondylitis,0.28391207232246984,0.25,,"{'rs10865331': [['A', 0.23901690047049992]], 'rs11190133': [['C', 0.15272108701766393]], 'rs1860545': [['C', 0.12221763272424911]], 'rs2297518': [['A', 0.12221763272424911]]}",91,4
焦虑症,Anxiety disorder,0.0,0.0,,"{'rs6799682': [['A', 0.5822156198526637]]}",3,1
特发性关节炎,Arthritis,,,,No risk SNPs in Database,0,0
哮喘,Asthma,0.42384543968952937,0.4423076923076923,,"{'rs10056243': [['A', 0.08680593922206983]], 'rs10515922': [['G', 0.05888287055386126]], 'rs11065987': [['A', 0.0341405231197311]], 'rs11236797': [['A', 0.11332868530700327]], 'rs1233578': [['G', 0.07046964718341603]], 'rs12365699': [['G', 0.06089446775768501]], 'rs12542922': [['A', 0.49429616181476727]], 'rs12718488': [['G', 0.03765699117709861]], 'rs12952581': [['A', 0.058136823929544314]], 'rs12956924': [['A', 0.035876666518213245]], 'rs1444782': [['G', 0.09245200821149753]], 'rs1535': [['A', 0.04806609256903907]], 'rs167769': [['T', 0.0769610411361284]], 'rs17144046': [['G', 0.05354076692802976]], 'rs174535': [['T', 0.04879016416943204]], 'rs17637472': [['A', 0.0769610411361284]], 'rs1800797': [['G', 0.04115873781586684]], 'rs1837253': [['C', 0.11559914158363938]], 'rs2025758': [['T', 0.051946131243190086]], 'rs2033784': [['G', 0.09531017980432493]], 'rs204993': [['A', 0.1570037488096647]], 'rs20541': [['A', 0.11653336625585019]], 'rs2069408': [['C', 0.13976194237515863]], 'rs2228079': [['T', 0.04598146154976277]], 'rs2305479': [['C', 0.10580041888621153]], 'rs2352521': [['T', 0.5068176023684519]], 'rs2647044': [['A', 0.14168878048191624]], 'rs2738783': [['G', 0.04401688541677426]], 'rs2844482': [['T', 0.06195456058510004]], 'rs2855812': [['T', 0.09531017980432493]], 'rs28688825': [['A', 0.12925739710398237]], 'rs3117098': [['G', 0.14842000511827322]], 'rs3129943': [['T', 0.1570037488096647]], 'rs34290285': [['G', 0.1064369111363005]], 'rs34986765': [['T', 0.08275717402014066]], 'rs3805236': [['G', 0.11332868530700327]], 'rs3828058': [['A', 0.04714309420838904]], 'rs404860': [['A', 0.1906203596086497]], 'rs55743914': [['T', 0.0620353909194527]], 'rs61192126': [['T', 0.04083287446106846]], 'rs6594500': [['A', 0.05859432686766573]], 'rs6741949': [['G', 0.0347076600163657]], 'rs6901830': [['G', 0.07589473208991089]], 'rs7130588': [['G', 0.08617769624105241]], 'rs7130870': [['C', 0.03792275578632781]], 'rs7927894': [['T', 0.09531017980432493]], 'rs850637': [['G', 0.03922071315328133]], 'rs907092': [['G', 0.34358970439007686]], 'rs9268516': [['T', 0.13976194237515863]], 'rs9275698': [['T', 0.16551443847757333]], 'rs9877891': [['C', 0.043426280421965044]], 'rs987870': [['C', 0.3364722366212129]]}",601,52
散光,astigmatism,,,,No SNPs matched,5,0
房颤,Atrial fibrillation,0.483052997780889,0.4722222222222222,,"{'rs10753933': [['T', 0.06765864847381486]], 'rs10873299': [['A', 0.04879016416943204]], 'rs12044963': [['A', 0.10436001532424286], ['T', 0.0769610411361284]], 'rs1458038': [['T', 0.03922071315328133]], 'rs17059534': [['A', 0.18315454309784654]], 'rs2286466': [['G', 0.06765864847381486]], 'rs2296610': [['T', 0.17814618538347404]], 'rs2306272': [['C', 0.04879016416943204]], 'rs242557': [['G', 0.03922071315328133]], 'rs2834618': [['T', 0.10436001532424286]], 'rs34969716': [['A', 0.08004270767353636]], 'rs3853445': [['T', 0.212419587951234]], 'rs503706': [['T', 0.09531017980432493]], 'rs6546620': [['C', 0.06765864847381486]], 'rs6993266': [['A', 0.04879016416943204]], 'rs7789146': [['G', 0.06140862812864342]], 'rs9963878': [['C', 0.06765864847381486]]}",457,17
多动症,Attention deficit hyperactivity disorder,0.5,0.5,,"{'rs13439086': [['C', 0.7710337192170165]], 'rs34442475': [['C', 0.8329091229351039]]}",34,2
自闭症,Autism,0.9721535381330917,0.7857142857142857,,"{'rs10038113': [['T', 0.28517894223366247]], 'rs1865680': [['G', 3.203664720379496]], 'rs2032624': [['A', 3.0391173804933964]], 'rs2032631': [['G', 3.18762455120456]], 'rs2032658': [['A', 3.8364046624692403]], 'rs6537825': [['A', 0.3364722366212129]], 'rs6538761': [['A', 0.2151113796169455]]}",12,7
1型自身免疫肝炎,Autoimmune hepatitis type-1,,,,No risk SNPs in Database,0,0
B细胞非霍奇金淋巴瘤,B cell non-Hodgkin lymphoma,,,,No SNPs matched,1,0
B细胞前体急性淋巴细胞白血病,B cell precursor acute lymphoblastic leukemia,,,,No risk SNPs in Database,0,0
菌血症,Bacteremia,,0.0,,{},4,1
基底细胞癌,Basal cell carcinoma,0.21199615897404694,0.2727272727272727,,"{'rs11170164': [['T', 0.20904462693470807]], 'rs1126809': [['A', 0.12221763272424911]], 'rs13014235': [['C', 0.13976194237515863]], 'rs1870940': [['A', 0.058268908123975824]], 'rs2476601': [['G', 0.10536041565782127]], 'rs3769823': [['A', 0.11332868530700327]], 'rs401681': [['C', 0.20701416938432612]], 'rs41271951': [['G', 0.11653336625585019]], 'rs535930': [['A', 0.04082231452020383]], 'rs7776701': [['C', 0.058268908123975824]], 'rs9267650': [['T', 0.1570037488096647]]}",140,11
白塞氏病,Behcet's disease,0.0,0.0,,"{'rs1800871': [['T', 0.371563556432483]], 'rs2617170': [['T', 0.2468600779315258]], 'rs897200': [['A', 0.371563556432483]]}",15,3
躁郁症,Bipolar disorder,0.4742251259745923,0.4583333333333333,,"{'rs1035050': [['T', 0.1570037488096647]], 'rs1042779': [['A', 0.17395330712343798]], 'rs10860416': [['G', 0.05949551402584415]], 'rs11162556': [['A', 0.057598872379398404]], 'rs12575685': [['A', 0.07019747898924948]], 'rs12618769': [['T', 0.22314355131420976]], 'rs12677998': [['G', 0.08680043807691482]], 'rs13411201': [['A', 0.08239992724721461]], 'rs1378559': [['T', 0.07110131382605539]], 'rs17183814': [['G', 0.132503489513084]], 'rs2205829': [['G', 0.09015144182182434]], 'rs271738': [['A', 0.27763173659827955]], 'rs329674': [['A', 0.19516456450684772]], 'rs4332037': [['T', 0.1292371857014994]], 'rs4380187': [['A', 0.054895299371579435]], 'rs4523096': [['A', 0.14371065766629904]], 'rs4938784': [['T', 0.05659770111438987]], 'rs62433108': [['G', 0.060196294803397755]], 'rs7122539': [['G', 0.06460258158565683]], 'rs7250872': [['T', 0.1906203596086497]], 'rs72673100': [['C', 0.05590384942523212]], 'rs735931': [['A', 0.05679612599941121]], 'rs76317718': [['G', 0.1775518665516047]], 'rs9895770': [['T', 0.05840097487447675]]}",272,24
1型躁郁症,Bipolar I disorder,0.14438483677858263,0.3333333333333333,,"{'rs12754946': [['T', 0.0801965419942766]], 'rs2305929': [['G', 0.11059638454202601]], 'rs2709736': [['G', 0.36464311358790924]]}",61,3
鸟枪弹样脉络膜视网膜病变,Birdshot chorioretinopathy,,,,No SNPs matched,2,0
膀胱癌,Bladder cancer,0.14835991468901724,0.4,,"{'rs10936599': [['C', 0.1625439291852802]], 'rs1495741': [['A', 0.131028262406404]], 'rs35356162': [['T', 1.466029329138744]], 'rs401681': [['C', 0.10885440491208227]], 'rs907611': [['A', 0.13976194237515863]]}",36,5
脑淀粉样沉积,Brain amyloid deposition,,,,No risk SNPs in Database,0,0
乳腺癌,Breast cancer,0.49538531197156477,0.5256410256410257,,"{'rs10069690': [['T', 0.09531017980432493]], 'rs1053338': [['G', 0.06765864847381486]], 'rs1078806': [['C', 0.3576744442718159]], 'rs10816625': [['G', 0.10436001532424286]], 'rs11117758': [['G', 0.05129369438747054]], 'rs11161996': [['C', 0.09899972867669028]], 'rs11205303': [['C', 0.05678195409898266]], 'rs11552449': [['T', 0.06062462181643505]], 'rs12922061': [['T', 0.20782684720231653]], 'rs13277568': [['A', 0.03045936748469581]], 'rs13393577': [['T', 0.4252677354043441]], 'rs17350191': [['T', 0.06765864847381486]], 'rs17356907': [['A', 0.09288961623900377]], 'rs17529111': [['C', 0.045610511252052274]], 'rs199533': [['G', 0.07510747248680548]], 'rs206966': [['T', 0.04879016416943204]], 'rs2363956': [['T', 0.02955880224154443]], 'rs2736109': [['C', 0.07176236622689079]], 'rs2912778': [['G', 0.18315454309784654]], 'rs3757318': [['A', 0.18509548367667988]], 'rs3803662': [['A', 0.22154226994723591], ['T', 0.18115420904194773]], 'rs3819405': [['C', 0.04082231452020383]], 'rs4496150': [['C', 0.04082231452020383]], 'rs4593472': [['C', 0.04439703643570523]], 'rs4808801': [['A', 0.07367021563803232]], 'rs62578156': [['G', 0.13584122291141312]], 'rs6472903': [['T', 0.08655193813042511]], 'rs6964587': [['T', 0.042420715883952055]], 'rs720475': [['G', 0.05574851762543885]], 'rs7315643': [['T', 0.12510461182932847]], 'rs74911261': [['G', 0.19885085874516517]], 'rs8100241': [['G', 0.131028262406404]], 'rs8170': [['A', 0.13976194237515882]], 'rs909116': [['T', 0.1570037488096647]], 'rs910416': [['T', 0.09036250568038909]], 'rs9397436': [['G', 0.17721437062577894]], 'rs941764': [['G', 0.056890411263799685]], 'rs9790517': [['T', 0.046406372814155626]], 'rs981782': [['C', 0.03922071315328133]]}",610,39
暴食症,Bulimia nervosa,,,,No risk SNPs in Database,0,0
心肌肥厚,Cardiac hypertrophy ,,,,No risk SNPs in Database,0,0
颈动脉夹层,Carotid dissection,,0.0,,{},7,1
颈动脉斑块,Carotid plaque,,,,No risk SNPs in Database,0,0
乳糜泻,Celiac disease,0.04293988131202377,0.10714285714285714,,"{'rs10800746': [['C', 0.11332868530700327]], 'rs10936599': [['A', 0.11332868530700327]], 'rs11712165': [['C', 0.12221763272424911], ['G', 0.1144334319924612]], 'rs11875687': [['C', 0.1570037488096647]], 'rs1738074': [['A', 0.16974277458709455]], 'rs2030519': [['A', 0.27443648570169554]], 'rs2187668': [['A', 1.8923586677841708]], 'rs2298428': [['A', 0.12221763272424911]], 'rs4675374': [['A', 0.131028262406404]], 'rs4678523': [['C', 0.10436001532424286]], 'rs55743914': [['T', 0.1906203596086497]], 'rs7426056': [['A', 0.1405590159319619]], 'rs9610686': [['C', 0.10436001532424286]]}",80,13
宫颈癌,Cervical cancer,0.6205235459765365,0.5,,"{'rs11985951': [['T', 1.2119409739751128]], 'rs12068654': [['T', 1.172482137234565]], 'rs2239704': [['A', 0.20701416938432612]], 'rs2242660': [['G', 0.09667288726026069]], 'rs2856437': [['A', 0.2648772580985045]], 'rs3131631': [['G', 0.12504548897422443]], 'rs4738017': [['G', 0.16041672140590466]], 'rs6558578': [['G', 0.8372475245337022]]}",33,8
慢性肾病,Chronic kidney disease,0.9841660597780137,0.9,,"{'rs1047891': [['A', 0.0518331486400172]], 'rs13157326': [['A', 0.0368139731227164]], 'rs17730281': [['G', 0.07850244515493399]], 'rs192210727': [['G', 1.3862943611198906]], 'rs963837': [['T', 0.08332960758700417]]}",77,5
慢性淋巴细胞白血病,Chronic lymphocytic leukemia,0.4144309505867021,0.4375,,"{'rs1044873': [['C', 0.25464221837358075]], 'rs10936599': [['C', 0.23111172096338664]], 'rs13015798': [['A', 0.18632934819146707]], 'rs1476569': [['G', 0.16551443847757333]], 'rs1679013': [['C', 0.16126814759612212]], 'rs210134': [['G', 0.2700271372130602]], 'rs2466024': [['A', 0.1906203596086497]], 'rs2511714': [['G', 0.17395330712343798]], 'rs3769825': [['T', 0.17395330712343798]], 'rs41271473': [['G', 0.17395330712343798]], 'rs674313': [['T', 0.5247285289349821]], 'rs6858698': [['C', 0.2700271372130602]], 'rs888096': [['A', 0.13976194237515863]], 'rs926070': [['A', 0.23901690047049992]], 'rs9271176': [['G', 0.25464221837358075]], 'rs9273363': [['A', 0.2151113796169455]]}",121,16
慢阻肺,Chronic obstructive pulmonary disease,0.5475692777994426,0.7083333333333334,,"{'rs10890311': [['T', 0.058268908123975824]], 'rs11707641': [['T', 0.06765864847381486]], 'rs12519165': [['A', 0.06765864847381486]], 'rs1334576': [['A', 0.058268908123975824]], 'rs17486278': [['C', 0.16551443847757333]], 'rs2070600': [['C', 0.20294084399669038]], 'rs4523894': [['C', 0.11332868530700327]], 'rs62065216': [['A', 0.058268908123975824]], 'rs721917': [['G', 0.06765864847381486]], 'rs8034191': [['C', 0.3364722366212129]], 'rs8042238': [['T', 0.23111172096338664]], 'rs9525927': [['G', 0.0769610411361284]]}",168,12
酒精性肝硬化,Cirrhosis (alcohol related),0.0,0.0,,"{'rs738409': [['G', 0.7839015438284094]]}",3,1
丛集性头痛,Cluster headache,0.0,0.0,,"{'rs12668955': [['A', 0.7323678937132266]]}",2,1
认知障碍,Cognitive impairment,,,,No SNPs matched,5,0
结直肠癌,Colorectal cancer,0.40793602254364936,0.46774193548387094,,"{'rs10849432': [['T', 0.131028262406404]], 'rs10936599': [['C', 0.051959738930711166]], 'rs11190164': [['G', 0.1013524942602875]], 'rs11217091': [['C', 0.10436001532424286]], 'rs116265807': [['G', 0.131028262406404]], 'rs11692435': [['G', 0.11332868530700327]], 'rs12635946': [['C', 0.0769610411361284]], 'rs1321310': [['C', 0.08617769624105241]], 'rs1367374': [['C', 0.3148107398400336]], 'rs1476570': [['A', 0.11332868530700327]], 'rs1535': [['A', 0.06765864847381486]], 'rs16969681': [['T', 0.11630045569616063]], 'rs2193352': [['G', 0.10436001532424286]], 'rs2723362': [['C', 0.077961466469709]], 'rs2730985': [['G', 0.0769610411361284]], 'rs3131043': [['G', 0.06765864847381486]], 'rs3217874': [['T', 0.058268908123975824]], 'rs35470271': [['G', 0.08617769624105241]], 'rs35917784': [['A', 0.11332868530700327]], 'rs3830041': [['T', 0.1441003439737567]], 'rs4444235': [['C', 0.0868581985917514]], 'rs4779584': [['T', 0.11332868530700327]], 'rs4813802': [['G', 0.08967364251380386]], 'rs4939567': [['G', 0.16723583737591033]], 'rs7014346': [['A', 0.1570037488096647]], 'rs704017': [['G', 0.08897543030690197]], 'rs7398375': [['C', 0.08157998699242285]], 'rs74995296': [['C', 0.0769610411361284]], 'rs7542665': [['C', 0.0769610411361284]], 'rs847208': [['A', 0.08938356113468561]], 'rs9271770': [['A', 0.0769610411361284]]}",386,31
冠状动脉钙化,Coronary artery calcification,,,,No SNPs matched,2,0
冠状动脉粥样硬化,Coronary atherosclerotic heart disease,,,,No risk SNPs in Database,0,0
冠心病,Coronary heart disease,0.32916910920106096,0.4,,"{'rs10757274': [['G', 0.3148107398400336]], 'rs11066280': [['A', 0.17395330712343798]], 'rs1231206': [['A', 0.06765864847381486]], 'rs12526453': [['C', 0.09531017980432493]], 'rs12936587': [['G', 0.06765864847381486]], 'rs3798220': [['C', 0.412109650826833]], 'rs3825807': [['A', 0.0769610411361284]], 'rs671': [['A', 0.3576744442718159]], 'rs9349379': [['G', 0.20396073189743566]], 'rs964184': [['G', 0.12221763272424911]]}",84,10
冠状动脉痉挛,Coronary spasm,,,,No SNPs matched,1,0
皮质基底节变性,Cortical basal ganglia degeneration,,,,No SNPs matched,10,0
克雅氏病,Creutzfeldt-jakob disease,,,,No risk SNPs in Database,0,0
克罗恩氏病,Crohn's disease,0.4479930685834955,0.44339622641509435,,"{'rs1000113': [['T', 0.43178241642553783]], 'rs1042058': [['G', 0.07477439290322081]], 'rs10761659': [['G', 0.21062876705943698]], 'rs10781499': [['A', 0.16709539150233466]], 'rs10865331': [['A', 0.08599556956525309]], 'rs10947261': [['T', 0.3074846997479607]], 'rs11229030': [['C', 0.13976194237515863]], 'rs114985235': [['C', 0.8109302162163288]], 'rs11805303': [['T', 0.3293037471426003]], 'rs1292053': [['G', 0.09118532062131335]], 'rs13428812': [['G', 0.058268908123975824]], 'rs1517352': [['C', 0.0800100917570279]], 'rs17119': [['A', 0.08481805675372131]], 'rs17221417': [['G', 0.25464221837358075]], 'rs1799964': [['C', 0.17395330712343798]], 'rs2241880': [['G', 0.32570013963930183]], 'rs2284553': [['G', 0.10961823867731996]], 'rs2413583': [['C', 0.20701416938432612], ['G', 0.21040678194449075]], 'rs2476601': [['G', 0.2507587183471832]], 'rs2542151': [['G', 0.28141245943818566]], 'rs2641348': [['A', 0.12133582811961885]], 'rs2930047': [['G', 0.08734490469641329]], 'rs3091315': [['A', 0.16234458930140597]], 'rs3094188': [['C', 0.4762341789963717]], 'rs3197999': [['A', 0.17892440411056587]], 'rs34687326': [['G', 0.16551443847757333]], 'rs35320439': [['G', 0.08405526198387842]], 'rs359457': [['T', 0.0769610411361284]], 'rs3742130': [['G', 0.09461084441723622]], 'rs3749171': [['A', 0.07249459993984443]], 'rs3764147': [['G', 0.17535288747786126]], 'rs3810936': [['C', 0.1906203596086497]], 'rs395157': [['A', 0.09814162203124815]], 'rs4286721': [['G', 0.29035200500761593]], 'rs4703855': [['G', 0.07326068473566485]], 'rs6601764': [['C', 0.14842000511827322]], 'rs6651252': [['A', 0.14902844067347049], ['T', 0.1885521065445907]], 'rs6740462': [['A', 0.09973673178753624]], 'rs6908425': [['C', 0.17395330712343798], ['G', 0.103987874016183]], 'rs694739': [['A', 0.09531017980432493]], 'rs7329174': [['G', 0.23901690047049992]], 'rs736289': [['T', 0.058268908123975824]], 'rs76418789': [['G', 0.7227059828014898]], 'rs7765379': [['G', 0.6575200029167941]], 'rs7927894': [['T', 0.14842000511827322]], 'rs9258260': [['T', 0.371563556432483]], 'rs9264942': [['C', 0.13540463700620298]], 'rs9267911': [['T', 0.4054651081081644]], 'rs9271366': [['A', 0.5068176023684519]], 'rs9469220': [['A', 0.131028262406404]], 'rs9858542': [['A', 0.08617769624105241]]}",351,51
皮肤性红斑性狼疮,Cutaneous lupus erythematosus,0.0,0.0,,"{'rs2187668': [['T', 1.075002423028976]], 'rs3130564': [['T', 0.7178397931503168]], 'rs3131060': [['A', 0.8329091229351039]]}",7,3
巨细胞病毒抗体响应,Cytomegalovirus antibody response ,,,,No risk SNPs in Database,0,0
卵巢/直肠致密黏连,Deep ovarian and/or rectovaginal disease with dense adhesions,,,,No risk SNPs in Database,0,0
椎间盘退行性病变,Degenerative disc disease,,0.5,,{},3,3
迟发性异动症,Delayed Dyskinesia,,0.4166666666666667,,{},8,6
路易体症,Dementia with Lewy bodies,0.0,0.0,,"{'rs429358': [['C', 0.9001613499442714]]}",2,1
登革休克综合征,Dengue shock syndrome,,,,No risk SNPs in Database,0,0
龋齿,Dental caries ,,,,No risk SNPs in Database,0,0
牙菌斑,Dental plaque,,0.0,,{},3,1
重度抑郁,Depression (broad),,,,No risk SNPs in Database,0,0
皮肌炎,Dermatomyositis,0.0,0.0,,"{'rs7750458': [['A', 0.9162907318741551]]}",3,1
弥漫大B细胞淋巴瘤,Diffuse large B-cell lymphoma,,,,No risk SNPs in Database,0,0
十二指肠溃疡,Duodenal ulcer,,,,No SNPs matched,2,0
掌腱膜挛缩症,Dupuytren's contracture,,,,No SNPs matched,4,0
阅读障碍,Dyslexia,,0.0,,{},2,2
吞咽障碍,Dysphagia,,,,No SNPs matched,1,0
肌张力障碍,Dystonia,,,,No risk SNPs in Database,0,0
饮食障碍,Eating disorders,,,,No SNPs matched,7,0
子宫内膜癌,Endometrial cancer,0.0,0.0,,"{'rs7579014': [['A', 0.08617769624105241]]}",44,1
子宫内膜异位,Endometriosis,0.07982970964845079,0.08333333333333333,,"{'rs10975519': [['A', 0.17395330712343798]], 'rs11193561': [['A', 0.17395330712343798]], 'rs1380131': [['A', 0.7357276280950638]], 'rs644045': [['T', 0.6703901934373291]], 'rs6578185': [['A', 0.5909516510452755]], 'rs75801644': [['A', 1.3563504847468186]]}",96,6
癫痫,Epilepsy,,,,No SNPs matched,12,0
食管癌,Esophageal cancer,0.20863917895864809,0.2,,"{'rs10052657': [['C', 0.3987761199573678]], 'rs11066280': [['A', 0.26236426446749106]], 'rs2074356': [['T', 0.44468582126144574]], 'rs2274223': [['G', 0.29266961396282004]], 'rs671': [['A', 0.5128236264286637]]}",13,5
尤文肉瘤,Ewing sarcoma,0.5,0.5,,"{'rs9430161': [['G', 0.7884573603642703]]}",7,1
热性惊厥,Febrile seizures,,,,No SNPs matched,7,0
食物过敏,Food allergy,,,,No SNPs matched,2,0
额颞叶痴呆,Frontotemporal dementia,1.0,1.0,,"{'rs10101195': [['C', 0.3856623208119719]], 'rs12608932': [['C', 0.37843643572024505]], 'rs302668': [['T', 0.20701416938432612]]}",16,3
福克斯角膜营养不良,Fuchs's corneal dystrophy,,,,No SNPs matched,2,0
胆囊癌,Gallbladder cancer,0.0,0.0,,"{'rs6869388': [['C', 4.286341384539473]], 'rs975334': [['C', 2.1162555148025524]]}",7,2
胆囊结石,Gallstone disease,0.5,0.5,,"{'rs1260326': [['C', 0.11332868530700327]]}",10,1
胃癌,Gastric Cancer,,,,No risk SNPs in Database,0,0
胃炎,Gastritis,,,,No SNPs matched,5,0
食管反流,Gastroesophageal reflux disease,0.0,0.0,,"{'rs12974777': [['C', 0.03640039363460538]]}",25,1
妊娠糖尿病,Gestational diabetes,,0.25,,{},15,2
巨细胞动脉炎,Giant cell arteritis,,,,No SNPs matched,2,0
闭角型青光眼,Glaucoma (primary angle closure),0.0,0.0,,"{'rs3753841': [['G', 0.18786173716957008]]}",20,1
开角型青光眼,Glaucoma (primary open-angle),0.4070725863598514,0.4,,"{'rs1153606': [['A', 0.09531017980432493]], 'rs255303': [['G', 0.0769610411361284]], 'rs2860235': [['C', 0.072570862834821]], 'rs3757155': [['C', 0.11332868530700327]], 'rs6478746': [['G', 0.131028262406404]]}",98,5
神经胶质瘤,Glioma,0.19406342793793505,0.3333333333333333,,"{'rs10069690': [['T', 0.3698379304650131]], 'rs2235573': [['G', 0.08617769624105241]], 'rs3751667': [['T', 0.14842000511827322]]}",63,3
肾小球硬化症,Glomerulosclerosis,,,,No risk SNPs in Database,0,0
痛风,Gout ,,,,No risk SNPs in Database,0,0
听力障碍,Hearing impairment,,,,No risk SNPs in Database,0,0
心衰,Heart failure,,,,No SNPs matched,12,0
肝炎,Hepatitis,0.0,0.0,,"{'rs11025185': [['A', 0.13976194237515863]]}",6,1
乙肝病毒感染,Hepatitis B,0.1629100231154341,0.125,,"{'rs2856718': [['A', 0.44468582126144574]], 'rs3077': [['G', 0.6259384308664954]], 'rs3130542': [['A', 0.28517894223366247]], 'rs9277535': [['G', 0.5653138090500605]]}",10,4
乙肝病毒疫苗响应,Hepatitis B vaccine response,,,,No SNPs matched,1,0
丙肝病毒引起的肝硬化,Hepatitis C induced liver cirrhosis,0.0,0.0,,"{'rs3135363': [['C', 0.3148107398400336]], 'rs3817963': [['A', 0.26236426446749106]], 'rs910049': [['A', 0.37843643572024505]]}",5,3
丙肝病毒感染,Hepatitis C virus infection,,0.0,,{},4,1
海马萎缩,Hippocampal atrophy,,,,No risk SNPs in Database,0,0
海马硬化,Hippocampal sclerosis,,,,No SNPs matched,2,0
HIV自限性,HIV self-limiting,,,,No SNPs matched,4,0
HIV易感性,HIV-1 susceptibility,0.4088759350495777,0.5,,"{'rs4418214': [['C', 0.41871033485818504]], 'rs4878712': [['A', 0.27763173659827955], ['8', 0.494696241836107]]}",6,2
霍奇金淋巴瘤,Hodgkin lymphoma,,,,No risk SNPs in Database,0,0
高血压,Hypertension,0.12153247143916436,0.14285714285714285,,"{'rs11229457': [['T', 1.692307390256395]], 'rs11646213': [['T', 0.2468600779315258]], 'rs2515920': [['T', 0.2107211113156495]], 'rs7302981': [['A', 1.8242784489247446]], 'rs7406910': [['T', 1.5715283393608803]], 'rs769177': [['G', 0.2107211113156495]], 'rs9349379': [['A', 1.522353805526987]]}",38,7
甲状腺功能亢进,Hyperthyroidism,,,,No risk SNPs in Database,0,0
高甘油三酯血症,Hypertriglyceridemia ,,,,No risk SNPs in Database,0,0
甲状腺功能减退,Hypothyroidism,0.4514412112618219,0.5,,"{'rs10961534': [['G', 0.1764711431157791]], 'rs4704397': [['A', 0.16041672140590466]], 'rs948426': [['A', 0.131028262406404]]}",19,3
扩张性心肌病,Idiopathic dilated cardiomyopathy,0.8297355166123555,0.75,,"{'rs7486169': [['G', 0.06765864847381486]], 'rs8051448': [['C', 0.131028262406404]]}",40,2
特发性膜性肾病,Idiopathic membranous nephropathy,0.0,0.0,,"{'rs1480380': [['T', 1.1151415906193203]], 'rs204999': [['G', 0.8919980393051105]], 'rs2187668': [['A', 1.463255402256019]], 'rs2233956': [['G', 1.0188473201992472]], 'rs3096697': [['T', 0.9477893989335261]], 'rs3115663': [['G', 1.1118575154181303]], 'rs3129939': [['G', 0.9555114450274363]], 'rs3130564': [['T', 0.9631743177730056]], 'rs3132580': [['T', 1.007957920399979]], 'rs3134792': [['C', 1.3686394258811698]], 'rs3134945': [['T', 0.9321640810304452]], 'rs652888': [['C', 0.9969486348916096]], 'rs7750641': [['T', 1.208960345836975]]}",21,13
特发性股骨头坏死,Idiopathic osteonecrosis of the femoral head,,,,No SNPs matched,1,0
特发性肺纤维化,Idiopathic pulmonary fibrosis,,,,No SNPs matched,30,0
特发性震颤,Idiopathic tremor,,,,No risk SNPs in Database,0,0
IgA肾病,IgA nephropathy,0.845288629478118,0.7777777777777778,,"{'rs1883414': [['G', 0.1906203596086497]], 'rs2071543': [['G', 0.34358970439007686]], 'rs2856717': [['G', 0.25205489480862975]], 'rs3803800': [['A', 0.15272108701766393]], 'rs4227': [['G', 0.2342812957246657]], 'rs660895': [['G', 0.27345636518779887]], 'rs7763262': [['C', 0.336472236621213]], 'rs9275224': [['G', 0.3172408746933253]], 'rs9275596': [['T', 0.40101075775878414]]}",54,9
免疫球蛋白轻链淀粉样变,Immunoglobulin light amyloidosis ,,,,No risk SNPs in Database,0,0
冲动控制障碍,Impulse Control Disorder,,0.0,,{},4,1
失眠,Insomnia,0.2105062382304104,0.45454545454545453,,"{'rs1015438': [['A', 0.058268908123975824]], 'rs1064213': [['G', 0.03666360037151775]], 'rs10761240': [['G', 0.042907179011224685]], 'rs10947428': [['C', 0.06935114063422883]], 'rs12614369': [['A', 0.04401688541677426]], 'rs152555': [['G', 0.05234668937218738]], 'rs1536053': [['C', 0.037702253183936954]], 'rs17324524': [['C', 0.05762908083663594]], 'rs17367725': [['C', 0.035626762643065114]], 'rs1937447': [['G', 0.03874079031642985]], 'rs2116290': [['A', 0.04783732941416006]], 'rs2239923': [['T', 0.04974209189481401]], 'rs224029': [['C', 0.03874079031642985]], 'rs2286729': [['A', 0.07464354299576592]], 'rs2344121': [['A', 0.04305948946044701]], 'rs2431108': [['C', 0.053400472727068944]], 'rs34490907': [['C', 0.05354076692802976]], 'rs34670506': [['C', 0.9942523833438609]], 'rs429358': [['T', 0.045928931888399735]], 'rs4643373': [['T', 0.04114194333117521]], 'rs4709655': [['C', 0.05445598779603917]], 'rs524859': [['G', 0.043951811529179874]], 'rs56044142': [['G', 0.053400472727068944]], 'rs566673': [['G', 0.03874079031642985]], 'rs647905': [['T', 0.03343477608623742]], 'rs6510033': [['G', 0.03666360037151775]], 'rs694786': [['C', 0.043951811529179874]], 'rs701394': [['G', 0.035626762643065114]], 'rs72899452': [['T', 0.07417939817425147]], 'rs76941679': [['G', 0.8209804320698231]], 'rs8181889': [['G', 0.037702253183936954]], 'rs9936260': [['A', 0.06391332574365285]], 'rs9964420': [['A', 0.035367143837291344]]}",392,33
咖啡因诱导的失眠,Insomnia (caffeine-induced),,,,No SNPs matched,1,0
间质性肺炎,Interstitial pneumonia,,1.0,,{},4,1
颅内动脉瘤,Intracranial aneurysm,0.7347967198932256,0.6666666666666666,,"{'rs11646803': [['C', 0.7985075962177666]], 'rs116969723': [['G', 1.4271164356401427]], 'rs12350582': [['G', 0.8878912573524571]], 'rs2440154': [['A', 0.9820784724121582]], 'rs3737926': [['C', 1.0216513275319783]], 'rs59626274': [['C', 1.3470736879666085]], 'rs61775135': [['C', 1.1394342831883648]], 'rs671': [['C', 0.2151113796169455]], 'rs727333': [['C', 1.3470736879666085]], 'rs76855873': [['C', 1.108662614521611]], 'rs7798197': [['A', 0.16551443847757333]], 'rs9298506': [['A', 0.27383666562972786]]}",50,12
肠易激综合征,Irritable bowel syndrome,0.5,0.5,,"{'rs10825269': [['T', 0.4382549309311553]]}",9,1
缺血性脑卒中,Ischemic stroke,0.8898120391135498,0.5,,"{'rs12438353': [['T', 0.3293037471426003]], 'rs192210727': [['G', 2.659260016932778]]}",26,2
大骨节病,Kashin-Beck Disease,,,,No SNPs matched,4,0
川崎病,Kawasaki disease,0.6927550296323094,0.75,,"{'rs1264516': [['A', 0.2151113796169455]], 'rs1568657': [['G', 0.3428802329165432]]}",29,2
肾病,Kidney disease,,0.0,,{},3,1
肾结石,Kidney stones,0.5524685786205352,0.5,,"{'rs1155347': [['C', 0.11778303565638346]], 'rs1481012': [['G', 0.10436001532424286]], 'rs17216707': [['T', 0.16551443847757333]], 'rs838717': [['G', 0.10436001532424286]], 'rs889299': [['G', 0.09075436326846432]]}",40,5
膝骨关节炎,Knee osteoarthritis,0.6001798881409721,0.75,,"{'rs1060105': [['C', 0.06765864847381486]], 'rs10947262': [['T', 0.2700271372130602]]}",29,2
语言障碍,language disability,,,,No SNPs matched,3,0
喉鳞癌,Laryngeal squamous cell carcinoma,,,,No risk SNPs in Database,0,0
致命性心律不齐,Life threatening arrhythmia,,,,No SNPs matched,2,0
肝癌,Liver cancer,,0.0,,{},7,1
肺癌,Lung cancer,0.060547021838414684,0.1875,,"{'rs1051730': [['A', 0.30010459245033816], ['T', 0.23901690047049992]], 'rs2853677': [['C', 0.24826534008798945]], 'rs36600': [['A', 0.25464221837358075]], 'rs401681': [['G', 0.13976194237515863]], 'rs62560775': [['G', 0.10038907851711121]], 'rs631644': [['A', 0.06497748727783594]], 'rs8034191': [['C', 0.26236426446749106], ['G', 0.2926696139628199]]}",174,7
淋巴瘤,Lymphoma,0.0,0.0,,"{'rs2621416': [['G', 0.45107561936021673]], 'rs4530903': [['T', 0.4252677354043441]], 'rs9268853': [['C', 0.44468582126144574]]}",10,3
2型黄斑毛细血管扩张症,Macular telangiectasia type 2,,,,No SNPs matched,3,0
疟疾,Malaria,0.9003123565063885,0.75,,"{'rs12788102': [['A', 0.7654678421395714]], 'rs6503319': [['T', 0.1906203596086497]]}",11,2
男性乳腺癌,Male breast cancer,,,,No risk SNPs in Database,0,0
男性不育,Male infertility ,,,,No risk SNPs in Database,0,0
黑色素瘤,Melanoma,0.0,0.0,,"{'rs1126809': [['A', 0.16605497033000824]], 'rs1800407': [['T', 0.1679453796494474]], 'rs401681': [['A', 0.1823215567939546]], 'rs4408545': [['C', 0.19589567682107248]]}",73,4
脑膜瘤,Meningioma,,,,No SNPs matched,2,0
脑膜炎球菌病,Meningococcal disease,,,,No risk SNPs in Database,0,0
代谢综合征,Metabolic syndrome ,,,,No risk SNPs in Database,0,0
偏头痛,Migraine,0.3480606948799641,0.34615384615384615,,"{'rs10456100': [['T', 0.06297479916138839]], 'rs11172113': [['T', 0.10486034059113027]], 'rs11636768': [['A', 0.22154226994723591]], 'rs1268083': [['T', 0.04082231452020383]], 'rs13263568': [['G', 0.09531017980432493]], 'rs140174': [['G', 0.0769610411361284]], 'rs17857135': [['C', 0.058268908123975824]], 'rs1861960': [['T', 0.06765864847381486]], 'rs577969': [['T', 0.12221763272424911]], 'rs6598163': [['G', 0.13976194237515863]], 'rs6693567': [['C', 0.04879016416943204]], 'rs7916968': [['G', 0.08617769624105241]], 'rs9349379': [['A', 0.072570862834821]]}",80,13
二尖瓣脱垂,Mitral valve prolapse,,,,No SNPs matched,8,0
晕动病,Motion sickness,,,,No risk SNPs in Database,0,0
烟雾病,Moyamoya disease ,,,,No risk SNPs in Database,0,0
多发性骨髓瘤,Multiple myeloma,0.348434287708212,0.35,,"{'rs1050976': [['T', 0.09531017980432493]], 'rs10936599': [['G', 0.22793206804600694]], 'rs10936600': [['A', 0.1823215567939546]], 'rs13296848': [['C', 0.22314355131420976]], 'rs2047077': [['G', 0.5068176023684519]], 'rs2285803': [['A', 0.17563256864315796]], 'rs28362345': [['T', 0.2151113796169455]], 'rs34562254': [['A', 0.26236426446749106]], 'rs7193541': [['T', 0.12221763272424911]], 'rs877529': [['A', 0.2053868297249507]]}",53,10
多发性硬化,Multiple sclerosis,0.19157552945848824,0.33098591549295775,,"{'rs10063294': [['G', 0.1194598512372433]], 'rs10102600': [['C', 0.06678069309029325]], 'rs10936599': [['G', 0.09531017980432493]], 'rs11052877': [['G', 0.08617769624105241]], 'rs11079784': [['C', 0.1020149254067297]], 'rs11129295': [['A', 0.10436001532424286]], 'rs1131265': [['C', 0.1570037488096647]], 'rs1152430': [['C', 0.057702710128289154]], 'rs11554159': [['G', 0.13976194237515863]], 'rs12149527': [['A', 0.0769610411361284]], 'rs12365699': [['G', 0.11662681193171956]], 'rs13385171': [['C', 0.06569410319536252]], 'rs13428812': [['G', 0.052873245607038294]], 'rs1365120': [['C', 0.0914573124887904]], 'rs17066096': [['G', 0.131028262406404]], 'rs17119': [['A', 0.09531017980432493]], 'rs1738074': [['C', 0.13223761855967137], ['G', 0.12221763272424911]], 'rs17445836': [['G', 0.22314355131420976]], 'rs1800693': [['C', 0.15968533532573317], ['G', 0.12221763272424911]], 'rs1801133': [['G', 0.10170062642633658]], 'rs2104286': [['A', 0.17395330712343798], ['T', 0.13976194237515863]], 'rs223889': [['A', 0.058268908123975824]], 'rs2248359': [['G', 0.09984533496971612]], 'rs2288904': [['G', 0.09531017980432493]], 'rs2289746': [['C', 0.08121125542482323]], 'rs2300603': [['A', 0.10436001532424286]], 'rs2303759': [['C', 0.10436001532424286]], 'rs2425752': [['A', 0.10436001532424286]], 'rs2503875': [['A', 0.5068176023684519]], 'rs2546890': [['A', 0.11267370895205095]], 'rs281380': [['G', 0.0769610411361284]], 'rs28703878': [['G', 0.10247626018912653]], 'rs3104373': [['T', 1.0647107369924282]], 'rs31220': [['G', 0.06283300507152285]], 'rs3129934': [['T', 1.0367368849500223]], 'rs3135338': [['A', 1.2325602611778486]], 'rs3135388': [['A', 0.8628899551470398]], 'rs34286592': [['T', 0.14842000511827322]], 'rs35703946': [['G', 0.12354418609145497]], 'rs3747562': [['G', 0.055618228362993107]], 'rs3780792': [['G', 0.47000362924573563]], 'rs4543864': [['T', 0.051928092860359105]], 'rs4772201': [['A', 0.09531017980432493]], 'rs4812772': [['C', 0.07166928669035968]], 'rs4939490': [['G', 0.11662681193171956]], 'rs522127': [['C', 0.06765864847381486]], 'rs523604': [['A', 0.09531017980432493]], 'rs531612': [['T', 0.06667405176798952]], 'rs61708525': [['G', 0.06784554689506724]], 'rs62059189': [['T', 0.072570862834821]], 'rs630923': [['C', 0.11332868530700327]], 'rs650258': [['G', 0.11332868530700327]], 'rs6672420': [['A', 0.06144969311618639]], 'rs669607': [['C', 0.12221763272424911]], 'rs67297943': [['A', 0.10436001532424286]], 'rs6837324': [['G', 0.06443195295938466]], 'rs6897932': [['C', 0.13976194237515863], ['G', 0.10436001532424286]], 'rs694739': [['A', 0.06765864847381486]], 'rs7090512': [['G', 0.17395330712343798]], 'rs7260482': [['C', 0.07493955486438422]], 'rs727098': [['G', 0.06765864847381486]], 'rs73414214': [['C', 0.12062344232373876]], 'rs7731626': [['G', 0.090206267886149]], 'rs793108': [['A', 0.0769610411361284]], 'rs9271366': [['G', 0.9932517730102834]], 'rs9808753': [['G', 0.08250122151174377]], 'rs9844930': [['A', 0.05709935654054514]], 'rs9846396': [['G', 0.06765864847381486]]}",575,68
多系统萎缩症,Multiple system atrophy,1.0,1.0,,"{'rs16872704': [['A', 0.412109650826833]], 'rs8044188': [['G', 0.3220834991691132]]}",22,2
重症肌无力,Myasthenia gravis,0.0,0.0,,"{'rs2476601': [['A', 0.5364933705145685]], 'rs9270986': [['A', 0.3576744442718159]]}",9,2
心肌梗死,Myocardial infarction,0.5354564075450464,0.3333333333333333,,"{'rs1004467': [['A', 0.0769610411361284]], 'rs11066280': [['A', 0.3987761199573678]], 'rs12231744': [['C', 0.3011048327838878]], 'rs192210727': [['G', 2.659260016932778]], 'rs2523644': [['G', 0.3987761199573678]], 'rs3782886': [['A', 0.37843643572024505], ['G', 0.3987761199573678]], 'rs56131196': [['A', 0.08617769624105241]], 'rs671': [['A', 0.43178241642553783]], 'rs74416240': [['A', 0.3148107398400336]], 'rs7969300': [['T', 0.27443648570169554]], 'rs9349379': [['G', 0.131028262406404]]}",73,11
病理性近视,Myopia (pathological),0.5,0.5,,"{'rs577948': [['G', 0.3148107398400336]]}",8,1
肌炎,Myositis,0.0,0.0,,"{'rs9267488': [['G', 0.8415671856782185]]}",11,1
发作性睡病,Narcolepsy,0.6543952014246923,0.5,,"{'rs1027327': [['C', 0.3074846997479607]], 'rs2858884': [['A', 0.5822156198526637]]}",12,2
鼻咽癌,Nasopharyngeal carcinoma,0.0,0.0,,"{'rs29232': [['A', 0.5128236264286637]], 'rs3129055': [['G', 0.412109650826833]]}",6,2
肾母细胞瘤（广）,nephroblastoma,0.15884324937266608,0.3333333333333333,,"{'rs2495478': [['T', 0.3364722366212129]], 'rs5955543': [['G', 0.9707789171582248]], 'rs790356': [['G', 0.2468600779315258]]}",7,3
成神经细胞瘤,Neuroblastoma,0.5,0.5,,"{'rs9295536': [['A', 0.30527638085273207]]}",10,1
神经性食欲缺乏,Neuropathic anorexia,,0.5,,{},8,4
神经过敏症,Neurosis,,0.25,,{},3,2
尼古丁依赖,Nicotine dependence,0.0,0.0,,"{'rs2836823': [['T', 0.37843643572024505]]}",2,1
非梗阻性无精子症,Non-obstructive azoospermia,0.5,0.5,,"{'rs7192': [['T', 0.25464221837358075]]}",1,1
行为抑制,Non-substance related behavioral disinhibition,,,,No SNPs matched,4,0
非酒精性脂肪肝,Nonalcoholic fatty liver disease,0.13109038797541975,0.16666666666666666,,"{'rs1260326': [['T', 0.3220834991691132]], 'rs2143571': [['A', 0.37397444101679356]], 'rs738409': [['G', 0.5324207612025803]]}",31,3
肥胖,Obesity ,,,,No risk SNPs in Database,0,0
强迫症,Obsessive compulsive disorder severity,,,,No risk SNPs in Database,0,0
抗磷脂综合征,Obstetric antiphospholipid syndrome,0.5,0.5,,"{'rs12153263': [['T', 0.9675840462617054]]}",15,1
阻塞性睡眠呼吸暂停,Obstructive sleep apnea,,,,No SNPs matched,1,0
口腔癌,Oral cavity cancer,,,,No SNPs matched,11,0
起立性低血压,Orthostatic hypotension,0.5,0.5,,"{'rs16887217': [['C', 0.14842000511827322]]}",3,1
颈椎后纵韧带骨化症,Ossification of the posterior longitudinal ligament of the cervical spine,,0.25,,{},3,2
骨关节炎,Osteoarthritis,0.5953773042554558,0.6666666666666666,,"{'rs11177': [['A', 0.08617769624105241]], 'rs1149620': [['T', 0.03922071315328133]], 'rs12154055': [['G', 0.02955880224154443]]}",40,3
青年剥脱性骨软骨炎,Osteochondritis dissecans in youth,,1.0,,{},3,1
骨坏死,Osteonecrosis,,0.0,,{},4,3
骨质疏松,Osteoporosis ,,,,No risk SNPs in Database,0,0
骨保护素水平异常,Osteoprotegerin levels,,,,No risk SNPs in Database,0,0
骨肉瘤,Osteosarcoma,0.6447809133782344,0.5,,"{'rs2797501': [['A', 0.4762341789963717]], 'rs573666': [['G', 0.26236426446749106]]}",6,2
卵巢癌,Ovarian cancer,0.8737459901787982,0.75,,"{'rs12658731': [['G', 0.3400373027857091]], 'rs2363956': [['T', 0.09531017980432493]], 'rs3814113': [['T', 0.19885085874516517]], 'rs6801612': [['A', 0.28367405105424215]], 'rs76926936': [['T', 0.6539265074066631]], 'rs8170': [['T', 0.11332868530700327]]}",42,6
胰腺癌,Pancreatic cancer,0.2768169543523269,0.36666666666666664,,"{'rs10974531': [['A', 0.2151113796169455]], 'rs10991043': [['C', 0.08617769624105241]], 'rs12456874': [['G', 0.3220834991691132]], 'rs12478462': [['G', 0.131028262406404]], 'rs17688601': [['C', 0.12783369150983365]], 'rs183117027': [['A', 0.85015092936961]], 'rs2039553': [['A', 0.5481214085096876]], 'rs2257205': [['A', 0.3220834991691132]], 'rs2735948': [['A', 0.3698379304650133]], 'rs401681': [['T', 0.17395330712343798]], 'rs6073450': [['A', 0.09531017980432493]], 'rs708224': [['A', 0.27763173659827955]], 'rs7190458': [['A', 0.343589704390077]], 'rs7214041': [['T', 0.22314355131420976]], 'rs9363918': [['A', 0.23901690047049992]]}",106,15
胰腺炎,Pancreatitis,0.0,0.0,,"{'rs12688220': [['T', 0.32570013963930183]], 'rs379742': [['T', 0.18481843699254188]]}",5,2
恐慌症,Panic disorder,,,,No SNPs matched,5,0
帕金森氏病,Parkinson's disease,0.6073515627979693,0.5769230769230769,,"{'rs11711441': [['G', 0.17395330712343798]], 'rs12185268': [['A', 0.26236426446749106]], 'rs1223271': [['G', 0.16551443847757333]], 'rs12431733': [['T', 0.12221763272424911]], 'rs14235': [['A', 0.08755289700786145]], 'rs17767294': [['G', 0.10165365372649982]], 'rs199533': [['C', 0.27383666562972786]], 'rs3129882': [['G', 0.2751032902449208]], 'rs329648': [['T', 0.09303486596718949]], 'rs34311866': [['C', 0.22314355131420976]], 'rs353116': [['C', 0.06187560371806752]], 'rs5910': [['C', 0.054488185284069776]], 'rs9275326': [['C', 0.17666810611461176]]}",135,13
赌博倾向,Pathological gambling,0.5,0.5,,"{'rs7591351': [['T', 0.5128236264286637]]}",2,1
气体陷闭,Percentage gas trapping,,,,No risk SNPs in Database,0,0
牙周炎,Periodontitis ,,,,No risk SNPs in Database,0,0
外周动脉病,Peripheral arterial disease ,,,,No risk SNPs in Database,0,0
人格缺陷,Personality defect,,0.0,,{},4,1
旋光性喷嚏反射,Photic sneeze reflex,0.0,0.0,,"{'rs2073933': [['C', 0.5382462193419829]], 'rs7349633': [['T', 0.5743636445699783]]}",5,2
尘肺病,Pneumoconiosis in silica exposure,,,,No SNPs matched,3,0
肺炎菌血症,Pneumonia bacteremia,,,,No SNPs matched,4,0
多囊卵巢综合征,Polycystic ovary syndrome ,,,,No risk SNPs in Database,0,0
创伤后应激障碍,Post-traumatic stress disorder,0.0,0.0,,"{'rs1541227': [['G', 0.3089542077273207]]}",17,1
先兆子痫,Preeclampsia,,,,No risk SNPs in Database,0,0
原发性胆汁性肝硬化,Primary biliary cirrhosis,0.057152204003421525,0.10714285714285714,,"{'rs1131265': [['G', 0.35065687161316933]], 'rs1800693': [['G', 0.23901690047049992], ['7', 0.4574248470388755]], 'rs3807307': [['G', 0.19885085874516517], ['1', 0.41871033485818504]], 'rs413024': [['T', 0.2700271372130602]], 'rs668998': [['G', 0.23111172096338664]], 'rs6920220': [['A', 0.25464221837358075]], 'rs694739': [['A', 0.16551443847757333]], 'rs72678531': [['C', 0.5187937934151675], ['G', 0.4762341789963717]], 'rs7574865': [['A', 0.2700271372130602], ['1', 0.35065687161316933]], 'rs7774434': [['C', 0.45107561936021673]], 'rs7775055': [['C', 1.3110318766193438]]}",55,11
原发性硬化性胆管炎,Primary sclerosing cholangitis,0.09179514992994674,0.07142857142857142,,"{'rs11168249': [['G', 0.13976194237515863]], 'rs1788097': [['A', 0.13976194237515863], ['T', 0.17395330712343798]], 'rs3197999': [['A', 0.28517894223366247]], 'rs3748816': [['A', 0.18647956694261839]], 'rs61762349': [['A', 0.3852624007906449]], 'rs7426056': [['A', 0.2429461786103894]]}",42,6
进行性核上性麻痹,Progressive supranuclear palsy,0.5,0.5,,"{'rs242557': [['G', 0.6450592697528901]]}",1,1
前列腺癌,Prostate cancer,0.3427210310953425,0.4074074074074074,,"{'rs10009409': [['T', 0.07386984856645568]], 'rs103294': [['C', 0.2468600779315258]], 'rs10788167': [['T', 0.06109509935981083]], 'rs10840606': [['G', 0.22289392015894535]], 'rs11214775': [['G', 0.07076907088820737]], 'rs11228565': [['A', 0.20701416938432612]], 'rs12194182': [['C', 0.1122727708826748]], 'rs12956892': [['T', 0.04879016416943204]], 'rs130067': [['G', 0.04879016416943204]], 'rs13091518': [['T', 0.03825871211709027]], 'rs13252298': [['A', 0.10885440491208227]], 'rs13390276': [['C', 0.08259329830385337]], 'rs1512268': [['A', 0.1570037488096647], ['T', 0.27622898552610003]], 'rs16901814': [['G', 0.15443635330441896]], 'rs17621345': [['A', 0.06765864847381486]], 'rs1978060': [['G', 0.05259245011917063]], 'rs2074840': [['C', 0.06720948219318194]], 'rs2277283': [['C', 0.055434706888100524]], 'rs2292884': [['G', 0.08403472894307377]], 'rs2405942': [['A', 0.09075436326846412]], 'rs2807031': [['C', 0.08388148398070223]], 'rs2928679': [['A', 0.04879016416943204]], 'rs3018690': [['T', 0.044973365642731196]], 'rs3110641': [['A', 0.054488185284069776]], 'rs381331': [['A', 0.050693114315518165]], 'rs4248154': [['T', 0.10225419603875562]], 'rs4826594': [['A', 0.06720901469341505]], 'rs4844289': [['G', 0.042420715883952055]], 'rs56159348': [['T', 0.055434706888100524]], 'rs56222401': [['G', 0.07510747248680548]], 'rs5919432': [['A', 0.058268908123975824], ['T', 0.03922071315328133]], 'rs5945572': [['A', 0.20701416938432612]], 'rs5945619': [['C', 0.13976194237515863]], 'rs61088131': [['T', 0.058268908123975824]], 'rs61739424': [['G', 0.09984533496971612]], 'rs62106670': [['T', 0.04879016416943204]], 'rs636291': [['A', 0.10436001532424266]], 'rs651164': [['G', 0.11123050351942623]], 'rs6983561': [['C', 0.49672669938648906]], 'rs73098849': [['A', 0.1063607152913646]], 'rs7325069': [['G', 0.4885800148186709]], 'rs742134': [['G', 0.14842000511827322]], 'rs74911261': [['A', 0.142367241286922]], 'rs7542260': [['T', 0.17078864098023036]], 'rs75777376': [['C', 0.2823629509741802]], 'rs7584330': [['C', 0.058268908123975824]], 'rs7618603': [['A', 0.058268908123975824]], 'rs76832527': [['A', 0.10697730794450533]], 'rs817826': [['C', 0.34358970439007686]], 'rs878987': [['G', 0.06578774053800315]], 'rs9296068': [['T', 0.04879016416943204]], 'rs970270': [['A', 0.09398111517089255]], 'rs9959454': [['A', 0.06859279146561167]]}",903,53
银屑病,Psoriasis,0.19713946529102339,0.35526315789473684,,"{'rs1047781': [['C', 0.16841869162496245]], 'rs10484554': [['T', 1.0296194171811581]], 'rs10746839': [['A', 0.10436001532424286]], 'rs10794648': [['C', 0.1823215567939546]], 'rs10865331': [['A', 0.11332868530700327]], 'rs11121129': [['A', 0.12221763272424911]], 'rs11554776': [['G', 0.07267780709789783]], 'rs11652075': [['C', 0.10436001532424286]], 'rs11795343': [['T', 0.13976194237515863]], 'rs11922372': [['C', 0.131028262406404]], 'rs12191877': [['T', 0.9707789171582248]], 'rs12459008': [['A', 0.1501426584297194]], 'rs12580100': [['A', 0.2045721657287743]], 'rs13437088': [['T', 0.27763173659827955]], 'rs1975974': [['G', 0.1570037488096647]], 'rs1990760': [['T', 0.16974277458709455]], 'rs20541': [['A', 0.17316392000914363], ['G', 0.18647956694261839]], 'rs2066807': [['G', 0.38865798979178323]], 'rs2111485': [['G', 0.131028262406404]], 'rs2395029': [['C', 1.410986973710262]], 'rs2451258': [['C', 0.11332868530700327]], 'rs2504779': [['A', 0.0711739578545154]], 'rs2546890': [['A', 0.43178241642553783]], 'rs27524': [['A', 0.1505728584793744]], 'rs2847500': [['A', 0.131028262406404]], 'rs33980500': [['T', 0.41871033485818504]], 'rs3747517': [['T', 0.2572228649670723]], 'rs3782886': [['A', 0.08110153153703908]], 'rs4406273': [['A', 1.463255402256019]], 'rs458017': [['G', 0.3148107398400336]], 'rs4821124': [['C', 0.12221763272424911]], 'rs4908343': [['A', 0.06860026109224243]], 'rs492602': [['G', 0.10436001532424286]], 'rs495337': [['A', 0.1755444775149263], ['G', 0.1906203596086497]], 'rs62149416': [['T', 0.1570037488096647]], 'rs671': [['G', 0.14514136036967062]], 'rs9304742': [['T', 0.1570037488096647]]}",195,37
肺动脉高压,Pulmonary arterial hypertension,0.0,0.0,,"{'rs2856830': [['C', 0.44468582126144574]]}",4,1
肺气肿,Pulmonary emphysema,,,,No risk SNPs in Database,0,0
屈光不正,Refractive error,,,,No risk SNPs in Database,0,0
肾癌,Renal carcinoma,,,,No risk SNPs in Database,0,0
多动腿综合征,Restless legs syndrome,,,,No SNPs matched,32,0
视网膜病,Retinopathy,,0.0,,{},3,1
孔源性视网膜脱离,Rhegmatogenous retinal detachment,,,,No SNPs matched,3,0
类风湿性关节炎,Rheumatoid arthritis,0.31208053083447207,0.4375,,"{'rs10499194': [['C', 0.28517894223366247]], 'rs10821944': [['G', 0.14842000511827322]], 'rs12525220': [['A', 1.0405122551729]], 'rs12529514': [['C', 0.131028262406404]], 'rs13192471': [['G', 0.6780335427498971]], 'rs13397': [['A', 0.2104229869048294]], 'rs1678542': [['C', 0.11332868530700327]], 'rs212389': [['A', 0.10436001532424286]], 'rs2201584': [['G', 0.09531017980432493]], 'rs2233434': [['G', 0.17814618538347385]], 'rs2280381': [['T', 0.11332868530700327]], 'rs244672': [['C', 0.08617769624105241]], 'rs2451258': [['T', 0.09531017980432493]], 'rs2476601': [['A', 0.5532481287857225]], 'rs28411352': [['T', 0.09833590072086179]], 'rs3087243': [['G', 0.13685918271719735]], 'rs3093024': [['T', 0.17395330712343798]], 'rs331463': [['T', 0.10436001532424286]], 'rs5987194': [['C', 0.145542305290658]], 'rs660895': [['G', 0.8175747589349974]], 'rs6910071': [['G', 1.0577902941478545]], 'rs6920220': [['A', 0.1701224493369569]], 'rs706778': [['T', 0.11332868530700307]], 'rs71508903': [['T', 0.1505728584793742]], 'rs73013527': [['C', 0.09833590072086179]], 'rs7426056': [['A', 0.10756658050639677]], 'rs7574865': [['T', 0.13817401561986634]], 'rs7731626': [['G', 0.1906203596086497]], 'rs793108': [['T', 0.07232066157962629]], 'rs805297': [['A', 0.44468582126144574]], 'rs9268839': [['G', 0.7960045659996531]], 'rs947474': [['A', 0.10885440491208227]]}",340,32
肩袖撕裂,Rotator cuff tears,,,,No risk SNPs in Database,0,0
精神分裂,Schizophrenia,0.4887895286835221,0.4329268292682927,,"{'rs10148671': [['C', 0.05234890370260618]], 'rs1046089': [['G', 0.26236426446749106]], 'rs10862476': [['G', 0.05129369438747054]], 'rs11240341': [['T', 0.05100992090774492]], 'rs11616416': [['A', 0.058268908123975824]], 'rs11682175': [['C', 0.07185729842954744]], 'rs11864208': [['C', 0.23901690047049992]], 'rs12129731': [['T', 0.058268908123975824]], 'rs12195417': [['C', 0.05129369438747054]], 'rs12325245': [['T', 0.07980975746582063]], 'rs12498839': [['A', 0.10436001532424286]], 'rs12595305': [['T', 0.04879016416943204]], 'rs12681288': [['A', 0.04879016416943204]], 'rs12807809': [['T', 0.13976194237515863]], 'rs12887386': [['A', 0.09531017980432493]], 'rs13194053': [['T', 0.22314355131420976]], 'rs13233308': [['C', 0.05129369438747054]], 'rs13261217': [['G', 0.06899389370865126]], 'rs1367858': [['T', 0.058268908123975824]], 'rs1378559': [['T', 0.08617769624105241]], 'rs1460583': [['C', 0.047101596483960805]], 'rs1482292': [['C', 0.08338204893895422]], 'rs1483242': [['G', 0.06187560371806752]], 'rs1506297': [['T', 0.058386825699727245]], 'rs1509378': [['A', 0.06391332574365285]], 'rs1516570': [['A', 0.058268908123975824]], 'rs16897515': [['C', 0.26236426446749106]], 'rs17439799': [['C', 0.06507212874370621]], 'rs17616243': [['T', 0.7080357930536959]], 'rs17687067': [['C', 0.0745959780594676]], 'rs1838472': [['C', 0.05234763837153866]], 'rs2068012': [['C', 0.06722303959134897]], 'rs210152': [['A', 0.08801087732271337]], 'rs215411': [['A', 0.06591881808928769]], 'rs2269372': [['A', 0.2723145953206591]], 'rs2383377': [['A', 0.08225564194272961]], 'rs2523722': [['G', 0.22314355131420976]], 'rs2565065': [['A', 0.058268908123975824]], 'rs27419': [['C', 0.05129369438747054]], 'rs2868985': [['A', 0.06765864847381486]], 'rs28735056': [['G', 0.0592217559071003]], 'rs2929278': [['C', 0.06187560371806752]], 'rs3131296': [['G', 0.17395330712343798]], 'rs3131888': [['C', 0.24846113929847546]], 'rs3132565': [['A', 0.06765864847381486]], 'rs34102591': [['G', 0.06776214779047314]], 'rs35058679': [['T', 0.058268908123975824]], 'rs3617': [['C', 0.07045846364856137]], 'rs3756766': [['A', 0.0641712662077344]], 'rs3825845': [['C', 0.07042211629648537]], 'rs385492': [['T', 0.058268908123975824]], 'rs4129575': [['A', 0.2700271372130602]], 'rs4129585': [['A', 0.08163781942147827]], 'rs4271249': [['T', 0.071389996086673]], 'rs4380187': [['A', 0.07510747248680548]], 'rs4646312': [['C', 0.22314355131420976]], 'rs4711350': [['G', 0.08109922628422073]], 'rs4968361': [['A', 0.0769610411361284]], 'rs504918': [['C', 0.05129369438747054]], 'rs5749696': [['C', 0.05129369438747054]], 'rs59979824': [['C', 0.06612039431620753]], 'rs6035684': [['C', 0.06187560371806752]], 'rs61935443': [['C', 0.058268908123975824]], 'rs62378245': [['C', 0.072570862834821]], 'rs629444': [['C', 0.1319050708799386]], 'rs6846161': [['A', 0.06453852113757116]], 'rs6868545': [['C', 0.11653336625585019]], 'rs6981717': [['C', 0.05129369438747054]], 'rs7012816': [['A', 0.06578774053800315]], 'rs7314326': [['A', 0.058268908123975824]], 'rs7372960': [['T', 0.06492126038356053]], 'rs7383287': [['A', 0.06765864847381486]], 'rs7523654': [['T', 0.04974209189481401]], 'rs76049629': [['G', 0.08338204893895422]], 'rs76528668': [['T', 0.14928170271575447]], 'rs7811417': [['T', 0.04879016416943204]], 'rs8016982': [['C', 0.05129369438747054]], 'rs8055219': [['A', 0.07688140833589145]], 'rs893949': [['C', 0.05129369438747054]], 'rs950169': [['C', 0.08028071011793843]], 'rs9677260': [['T', 0.06765864847381486]], 'rs989197': [['T', 0.04879016416943204]]}",1530,82
脊柱侧凸,Scoliosis,,,,No risk SNPs in Database,0,0
选择性IgA缺陷,Selective IgA deficiency,,,,No risk SNPs in Database,0,0
老年白内障,Senile cataract,,0.5,,{},4,2
重度牙龈炎,Severe gingivitis,,0.5,,{},4,1
重型心境障碍,Severe mood disorder,,0.0,,{},4,1
嗜睡,Sleepiness,,,,No risk SNPs in Database,0,0
吸烟性肺气肿,Smoking emphysema,,0.0,,{},5,1
社交障碍,Social communication problems,,,,No risk SNPs in Database,0,0
散发性垂体瘤,Sporadic pituitary adenoma,,,,No SNPs matched,4,0
金葡菌感染,Staphylococcus aureus infection,0.0,0.0,,"{'rs3804047': [['C', 0.41871033485818504]]}",6,1
贮藏症,Storage disorder,,,,No SNPs matched,3,0
心源性猝死,Sudden cardiac death,,0.0,,{},8,4
自杀倾向,Suicidal ideation,,,,No SNPs matched,27,0
系统性红斑狼疮,Systemic lupus erythematosus ,,,,No risk SNPs in Database,0,0
系统性硬化,Systemic sclerosis,0.18018905385120138,0.125,,"{'rs7130875': [['G', 0.153235975898858]], 'rs7574865': [['T', 0.33270550854268716]], 'rs917238': [['G', 0.371563556432483]], 'rs9373839': [['G', 0.17353305076087533]]}",44,4
颞下颌关节紊乱症,Temporomandibular joint disorder,,,,No SNPs matched,7,0
睾丸生殖细胞肿瘤,Testicular germ cell tumor,0.45135404032378257,0.5,,"{'rs10510452': [['A', 0.22047332275833098], ['G', 0.1984507787238254]], 'rs11071896': [['G', 0.17395330712343798]], 'rs11705932': [['C', 0.16126814759612212]], 'rs1510272': [['C', 0.20701416938432612], ['T', 0.18632934819146707]], 'rs17336718': [['T', 0.34358970439007686]], 'rs34601376': [['T', 0.25464221837358075]], 'rs3790672': [['C', 0.2029408439966902]], 'rs4240895': [['T', 0.131028262406404]], 'rs7010162': [['C', 0.13976194237515863], ['G', 0.19885085874516517], ['T', 0.15082314973454974]], 'rs995030': [['A', 0.8439780702625291], ['G', 0.8775499035577244]]}",123,10
甲状腺癌,Thyroid cancer,0.0,0.0,,"{'rs10069690': [['T', 0.1823215567939546]], 'rs11947482': [['T', 1.8338322012499617]]}",35,2
甲状腺毒性周期性麻痹症,Thyrotoxic hypokalemic periodic paralysis,,,,No SNPs matched,2,0
抽动秽语综合征,Tourette syndrome,0.7396573246025698,0.75,,"{'rs12459560': [['T', 0.16749975456834829]], 'rs6539267': [['T', 0.23901690047049992]], 'rs66489957': [['T', 0.13520024930823327]], 'rs9393366': [['A', 0.23901690047049992]]}",31,4
肺结核,Tuberculosis,0.6784512279853422,0.6666666666666666,,"{'rs1819084': [['C', 1.8325814637483102]], 'rs2057178': [['A', 0.4780338009409998]], 'rs2202157': [['T', 1.3862943611198906]], 'rs3218255': [['G', 1.3862943611198906]], 'rs586716': [['G', 1.5606467482641684]], 'rs6676375': [['T', 1.1086616245211112]]}",43,6
1型糖尿病,Type 1 diabetes,0.13052800380201315,0.29545454545454547,,"{'rs1052553': [['A', 0.11653336625585019]], 'rs1445898': [['G', 0.11332868530700327]], 'rs1538171': [['G', 0.11332868530700327]], 'rs1615504': [['T', 0.12221763272424911]], 'rs1990760': [['A', 0.16551443847757333], ['C', 0.1823215567939546]], 'rs2069762': [['A', 0.11332868530700327]], 'rs2111485': [['G', 0.16251842949764983]], 'rs2304256': [['C', 0.14842000511827322]], 'rs2476601': [['A', 0.6541464432102126], ['T', 0.6830968447064438]], 'rs2542151': [['C', 0.26236426446749106], ['G', 0.26236426446749106]], 'rs2647044': [['A', 2.1162555148025524]], 'rs3087243': [['A', 0.1823215567939546], ['G', 0.17435322714476503]], 'rs3764021': [['C', 0.45107561936021673]], 'rs6043409': [['G', 0.12783369150983365]], 'rs6897932': [['G', 0.11332868530700327]], 'rs72727394': [['T', 0.13976194237515863]], 'rs9273363': [['A', 1.7011051009599243]], 'rs947474': [['G', 0.09531017980432493]]}",148,18
2型糖尿病,Type 2 diabetes,0.30414673250833546,0.5169491525423728,,"{'rs10011174': [['G', 0.07609955905586528]], 'rs1002061': [['A', 0.07600039467785276]], 'rs10305745': [['A', 0.2468600779315258]], 'rs10469140': [['G', 0.02955880224154443]], 'rs1058018': [['T', 0.08617769624105241]], 'rs1060105': [['C', 0.03922071315328133]], 'rs10757283': [['T', 0.10436001532424286]], 'rs10811661': [['T', 0.17542281510279809]], 'rs10814916': [['C', 0.10436001532424286]], 'rs10842994': [['C', 0.09075436326846432]], 'rs10886471': [['C', 0.11332868530700327]], 'rs10906115': [['A', 0.12221763272424911]], 'rs11063069': [['G', 0.09531017980432493]], 'rs11070332': [['A', 0.04879016416943204]], 'rs1111875': [['C', 0.1292723357041391], ['G', 0.17395330712343798]], 'rs1127787': [['G', 0.058268908123975824]], 'rs11680058': [['A', 0.058268908123975824]], 'rs117737118': [['G', 0.16551443847757333]], 'rs11927381': [['C', 0.131028262406404]], 'rs12010175': [['G', 0.1906203596086497]], 'rs12031188': [['C', 0.0769610411361284]], 'rs1236816': [['A', 0.03922071315328133]], 'rs12437434': [['C', 0.04879016416943204]], 'rs1260326': [['C', 0.06297479916138839]], 'rs13292262': [['T', 0.15673875643732982]], 'rs1359790': [['G', 0.10184713094353531]], 'rs1421085': [['C', 0.1314303745309421]], 'rs1470579': [['C', 0.12177981565740462]], 'rs147834269': [['G', 0.20701416938432612]], 'rs1535500': [['T', 0.09984533496971612]], 'rs1552224': [['A', 0.12451587469756761]], 'rs163177': [['C', 0.1906203596086497]], 'rs16826069': [['G', 0.058268908123975824]], 'rs17265513': [['C', 0.04401688541677426]], 'rs17584499': [['T', 0.45107561936021673]], 'rs17737404': [['A', 0.19885085874516517]], 'rs1800961': [['T', 0.11332868530700327]], 'rs1801282': [['C', 0.1184177548144744]], 'rs1903002': [['G', 0.03922071315328133]], 'rs2032844': [['C', 0.03922071315328133]], 'rs2050188': [['T', 0.058268908123975824]], 'rs2063640': [['A', 0.20701416938432612]], 'rs2073721': [['G', 0.03922071315328133]], 'rs2075423': [['G', 0.07076907088820737]], 'rs2233580': [['A', 0.3920420877760237], ['T', 0.29266961396282004]], 'rs2237892': [['C', 0.27763173659827955]], 'rs2244020': [['G', 0.09531017980432493]], 'rs2283164': [['A', 0.0769610411361284]], 'rs231361': [['A', 0.08157998699242285]], 'rs2358954': [['G', 0.0792999703740038]], 'rs2456530': [['T', 0.058268908123975824]], 'rs2465043': [['G', 0.02955880224154443]], 'rs2812533': [['C', 0.06765864847381486]], 'rs2844623': [['C', 0.09531017980432493]], 'rs2908334': [['T', 0.02955880224154443]], 'rs2943641': [['C', 0.17395330712343798]], 'rs3132524': [['G', 0.06765864847381486]], 'rs328': [['C', 0.04879016416943204]], 'rs340874': [['C', 0.07555125155332808]], 'rs343092': [['T', 0.13976194237515863]], 'rs34584161': [['A', 0.04879016416943204]], 'rs35678078': [['T', 0.058268908123975824]], 'rs3731600': [['C', 0.12221763272424911]], 'rs3764002': [['C', 0.03440142671733253]], 'rs3887925': [['T', 0.058268908123975824]], 'rs3916765': [['A', 0.1906203596086497]], 'rs4077129': [['T', 0.03922071315328133]], 'rs429358': [['T', 0.0769610411361284]], 'rs4402960': [['T', 0.13443376314353306]], 'rs4457053': [['G', 0.06765864847381486]], 'rs4502156': [['T', 0.058268908123975824]], 'rs472265': [['G', 0.3293037471426003]], 'rs4736819': [['T', 0.03922071315328133]], 'rs5215': [['C', 0.09712671073072263]], 'rs56200889': [['G', 0.03922071315328133]], 'rs56687477': [['A', 0.04879016416943204]], 'rs58542926': [['T', 0.0769610411361284]], 'rs5945326': [['A', 0.1795399138320777]], 'rs601945': [['G', 0.058268908123975824]], 'rs61021634': [['A', 0.04879016416943204]], 'rs61342118': [['A', 0.29266961396282004]], 'rs62492368': [['A', 0.04879016416943204]], 'rs6598475': [['T', 0.44468582126144574]], 'rs665268': [['G', 0.03922071315328133]], 'rs6769511': [['C', 0.20701416938432612]], 'rs6780569': [['G', 0.1570037488096647]], 'rs6813195': [['C', 0.0769610411361284]], 'rs7119': [['T', 0.2151113796169455]], 'rs7213402': [['T', 1.9694871570117822]], 'rs7304270': [['C', 0.06765864847381486]], 'rs73347525': [['A', 0.058268908123975824]], 'rs738408': [['T', 0.04879016416943204]], 'rs738409': [['G', 0.03922071315328133]], 'rs7572857': [['G', 0.04879016416943204]], 'rs7578326': [['A', 0.10436001532424286]], 'rs7578597': [['T', 0.13976194237515863]], 'rs7589501': [['A', 0.07210017215734074]], 'rs7607980': [['T', 0.08157998699242285]], 'rs7636': [['A', 0.6151856390902335]], 'rs76541615': [['T', 0.0769610411361284]], 'rs77065181': [['A', 0.08617769624105241]], 'rs77768175': [['A', 0.06765864847381486]], 'rs7795991': [['G', 0.04879016416943204]], 'rs77978149': [['T', 0.0769610411361284]], 'rs77989445': [['G', 2.8731125600060805]], 'rs781831': [['C', 0.03922071315328133]], 'rs781852': [['G', 0.04879016416943204]], 'rs7867635': [['C', 0.03922071315328133]], 'rs79826452': [['A', 0.06765864847381486]], 'rs80196932': [['T', 0.06297479916138839]], 'rs8050136': [['A', 0.16339354690843558]], 'rs8101064': [['T', 0.06765864847381486]], 'rs8108269': [['G', 0.07386984856645568]], 'rs870992': [['G', 1.0260415958332743]], 'rs9891146': [['T', 0.03922071315328133]], 'rs9940149': [['G', 0.04879016416943204]], 'rs9948462': [['T', 0.04879016416943204]]}",1442,117
溃疡性结肠炎,Ulcerative colitis,0.30661435368997814,0.36046511627906974,,"{'rs1063355': [['A', 0.3576744442718159]], 'rs10761659': [['G', 0.11731448145756307]], 'rs10781499': [['A', 0.12332807789863294]], 'rs11083840': [['C', 0.06913139522542869]], 'rs11168249': [['G', 0.06242723143316346]], 'rs117506082': [['G', 1.220829921392359]], 'rs1317209': [['T', 0.29266961396282004]], 'rs138788': [['A', 0.08617769624105241]], 'rs1517352': [['C', 0.07778385068363915]], 'rs16940186': [['G', 0.44468582126144574]], 'rs17656349': [['T', 0.08617769624105241]], 'rs2111485': [['A', 0.08538655768538439]], 'rs2359952': [['A', 0.2700271372130602]], 'rs2413583': [['G', 0.13443298606698087]], 'rs2651244': [['G', 0.06124466484413859]], 'rs2930047': [['G', 0.06800064606073898]], 'rs3194051': [['G', 0.06765864847381486]], 'rs3197999': [['A', 0.17107269154314012], ['T', 0.1906203596086497]], 'rs3742130': [['G', 0.07627469454307144]], 'rs3749171': [['A', 0.14266641595729726]], 'rs3749946': [['A', 0.6780335427498971]], 'rs395157': [['A', 0.08535166709950366]], 'rs4151657': [['G', 0.43178241642553783]], 'rs4676406': [['T', 0.131028262406404]], 'rs4703855': [['G', 0.06535880960897246]], 'rs549182': [['A', 0.4637340162321402]], 'rs5771069': [['G', 0.1310282624064042]], 'rs6017342': [['C', 0.1817658468602317]], 'rs6088765': [['C', 0.06113366870067023], ['G', 0.07603468627599758]], 'rs616597': [['C', 0.06779789111555681]], 'rs6908425': [['G', 0.07087403432345242]], 'rs6920220': [['A', 0.1390138365267901]], 'rs7240004': [['A', 0.08236585323384964]], 'rs76418789': [['G', 0.5596157879354227]], 'rs907611': [['A', 0.07639282417588825]], 'rs9263739': [['T', 1.0043016091968684]], 'rs9268480': [['G', 0.598836501088704]], 'rs9268853': [['T', 0.32570013963930183]], 'rs9268923': [['C', 0.371563556432483]], 'rs9271366': [['A', 0.48673782823690076], ['G', 0.7419373447293773]]}",265,40
血管性痴呆,Vascular dementia,0.0,0.0,,"{'rs290227': [['G', 0.7884573603642703]]}",1,1
静脉血栓,Venous thrombosis ,,,,No risk SNPs in Database,0,0
白癜风,Vitiligo,0.2867017180079385,0.3181818181818182,,"{'rs1126809': [['G', 0.40346711344549135]], 'rs11966200': [['A', 0.6418538861723947]], 'rs12421615': [['G', 0.13960714778639877]], 'rs13076312': [['T', 0.2768738737351775]], 'rs2111485': [['G', 0.26147540801314784]], 'rs2476601': [['A', 0.32678258607369554]], 'rs6510827': [['T', 0.17395330712343798]], 'rs71508903': [['T', 0.16805358499624976]], 'rs78521699': [['A', 0.233320391165743]], 'rs8192917': [['C', 0.2207406666978995], ['G', 0.2468600779315258]]}",74,10
小柳原田综合征,Vogt-Koyanagi-Harada syndrome,,,,No SNPs matched,4,0
韦格纳氏肉芽肿病,Wegener's granulomatosis ,,,,No risk SNPs in Database,0,0
肾母细胞瘤,Wilms tumor,,0.5,,{},4,2
